oxidation techniques,1
development,1
careful study,1
oxidation rate law,1
alloys,1
deviations,1
major barrier,1
limitation,1
poor oxidation behavior,1
temperature structural applications,1
service temperature,1
role,1
limited number,1
use,1
literature,1
certain oxidation condition,1
relations,1
typical temperature limit,1
oxidation resistance,1
β-21s,1
oxidation behavior,1
compositions,1
attempt,1
depth,1
production,1
coatings,1
oxygen ingress,1
numerous examples,1
compositional range,1
thickness,1
demand,1
composition,1
oxidation behavior,1
alloys,1
typical temperature limit,1
compositional range,1
oxidation rate law,1
oxygen ingress,1
limited number,1
service temperature,1
depth,1
careful study,1
certain oxidation condition,1
demand,1
relations,1
development,1
oxidation techniques,1
poor oxidation behavior,1
attempt,1
temperature structural applications,1
β-21s,1
thickness,1
numerous examples,1
compositions,1
use,1
production,1
coatings,1
literature,1
role,1
deviations,1
composition,1
major barrier,1
oxidation resistance,1
limitation,1
attempt,1
poor oxidation behavior,1
literature,1
deviations,1
alloys,1
β-21s,1
service temperature,1
relations,1
temperature structural applications,1
major barrier,1
oxidation resistance,1
compositions,1
development,1
coatings,1
limited number,1
oxidation techniques,1
demand,1
oxidation behavior,1
careful study,1
limitation,1
use,1
typical temperature limit,1
compositional range,1
role,1
thickness,1
composition,1
numerous examples,1
production,1
depth,1
oxidation rate law,1
certain oxidation condition,1
oxygen ingress,1
attempt,1
demand,1
depth,1
thickness,1
compositions,1
role,1
typical temperature limit,1
alloys,1
service temperature,1
careful study,1
development,1
compositional range,1
oxidation behavior,1
production,1
relations,1
composition,1
oxygen ingress,1
deviations,1
use,1
coatings,1
oxidation rate law,1
limited number,1
literature,1
major barrier,1
oxidation resistance,1
oxidation techniques,1
certain oxidation condition,1
temperature structural applications,1
limitation,1
poor oxidation behavior,1
numerous examples,1
β-21s,1
relations,1
attempt,1
development,1
deviations,1
oxidation behavior,1
composition,1
depth,1
production,1
compositional range,1
service temperature,1
certain oxidation condition,1
poor oxidation behavior,1
major barrier,1
role,1
use,1
thickness,1
demand,1
oxidation resistance,1
compositions,1
temperature structural applications,1
coatings,1
oxidation rate law,1
limitation,1
typical temperature limit,1
careful study,1
alloys,1
oxidation techniques,1
literature,1
oxygen ingress,1
limited number,1
β-21s,1
numerous examples,1
